{
    "id": "configuration.json",
    "title": "configuration",
    "description" : "Schema definition of a Texture Configuration",
    "$schema": "http://json-schema.org/schema#",
    "type": "object",
    "properties": {
      "version" : {
        "type" : "number"
      },
    	"experimental_features": {
    		"type": "array",
    		"items": {
        		"type": "string",
        		"enum": [
                    "exp_text_node",
                    "exp_interface_state_coalesce",
                    "exp_infer_layer_defaults",
                    "exp_collection_teardown",
                    "exp_framesetter_cache",
                    "exp_skip_clear_data",
                    "exp_did_enter_preload_skip_asm_layout",
                    "exp_dispatch_apply",
                    "exp_drawing_global",
                    "exp_optimize_data_controller_pipeline",
                    "exp_disable_global_textkit_lock",
                    "exp_main_thread_only_data_controller",
                ]
    		}
		}
    }
}
